[
  {
    "id": "4665abf6-d055-4d08-9a3b-5763ceb5c2b5",
    "data": [
      {
        "text": "give me ",
        "userDefined": false
      },
      {
        "text": "money",
        "meta": "@job",
        "alias": "job",
        "userDefined": false
      }
    ],
    "isTemplate": false,
    "count": 0,
    "lang": "en",
    "updated": 0
  },
  {
    "id": "72833b28-5c85-44b1-a1e2-fe8a6dc4af6e",
    "data": [
      {
        "text": "I wanna make ",
        "userDefined": false
      },
      {
        "text": "money",
        "meta": "@job",
        "alias": "job",
        "userDefined": true
      }
    ],
    "isTemplate": false,
    "count": 0,
    "lang": "en",
    "updated": 0
  },
  {
    "id": "de7f0779-1361-4c9f-a43c-a5495392ab97",
    "data": [
      {
        "text": "give me a ",
        "userDefined": false
      },
      {
        "text": "job",
        "meta": "@job",
        "alias": "job",
        "userDefined": false
      }
    ],
    "isTemplate": false,
    "count": 0,
    "lang": "en",
    "updated": 0
  },
  {
    "id": "bde9888e-2ac5-4601-a906-b8fe1f816c98",
    "data": [
      {
        "text": "What should I do with my life?",
        "userDefined": false
      }
    ],
    "isTemplate": false,
    "count": 0,
    "lang": "en",
    "updated": 0
  },
  {
    "id": "4f200500-750b-4494-8473-4d8991bacad1",
    "data": [
      {
        "text": "Which ",
        "userDefined": false
      },
      {
        "text": "field of work",
        "meta": "@job",
        "alias": "job",
        "userDefined": true
      },
      {
        "text": " should I get into?",
        "userDefined": false
      }
    ],
    "isTemplate": false,
    "count": 0,
    "lang": "en",
    "updated": 0
  },
  {
    "id": "c6af6dd0-5eca-4ce3-89da-05a8c7144c0c",
    "data": [
      {
        "text": "What ",
        "userDefined": false
      },
      {
        "text": "job",
        "meta": "@job",
        "alias": "job",
        "userDefined": true
      },
      {
        "text": " should I get?",
        "userDefined": false
      }
    ],
    "isTemplate": false,
    "count": 0,
    "lang": "en",
    "updated": 0
  }
]