[
  {
    "id": "334afc5b-02b1-4315-840c-846f0d35779c",
    "data": [
      {
        "text": "start a session",
        "userDefined": false
      }
    ],
    "isTemplate": false,
    "count": 0,
    "lang": "en",
    "updated": 0
  },
  {
    "id": "3bc59c34-88f8-4896-be0f-9f4ac4a6ca5a",
    "data": [
      {
        "text": "another session",
        "userDefined": false
      }
    ],
    "isTemplate": false,
    "count": 0,
    "lang": "en",
    "updated": 0
  },
  {
    "id": "d9a0ad11-c864-4fa0-a5f5-548531965801",
    "data": [
      {
        "text": "i\u0027m here for a ",
        "userDefined": false
      },
      {
        "text": "meditation",
        "meta": "@meditation",
        "alias": "meditation",
        "userDefined": false
      }
    ],
    "isTemplate": false,
    "count": 0,
    "lang": "en",
    "updated": 0
  },
  {
    "id": "1379f6fc-ed08-4873-b1d4-125ad528f0f5",
    "data": [
      {
        "text": "begin my daily ",
        "userDefined": false
      },
      {
        "text": "practice",
        "meta": "@meditation",
        "alias": "meditation",
        "userDefined": false
      }
    ],
    "isTemplate": false,
    "count": 0,
    "lang": "en",
    "updated": 0
  },
  {
    "id": "b52ea34d-b1df-4d93-b3f3-5b260046d6e3",
    "data": [
      {
        "text": "lead a ",
        "userDefined": false
      },
      {
        "text": "meditation",
        "meta": "@meditation",
        "alias": "meditation",
        "userDefined": false
      }
    ],
    "isTemplate": false,
    "count": 0,
    "lang": "en",
    "updated": 0
  },
  {
    "id": "57a7fc7d-a6b6-49a4-afe2-e69ef003a95d",
    "data": [
      {
        "text": "meditate",
        "meta": "@meditation",
        "alias": "meditation",
        "userDefined": false
      }
    ],
    "isTemplate": false,
    "count": 0,
    "lang": "en",
    "updated": 0
  },
  {
    "id": "d7b318f3-88e5-45cc-96cc-9b02177d23cf",
    "data": [
      {
        "text": "give me ",
        "userDefined": false
      },
      {
        "text": "meditation",
        "meta": "@meditation",
        "alias": "meditation",
        "userDefined": false
      }
    ],
    "isTemplate": false,
    "count": 0,
    "lang": "en",
    "updated": 0
  },
  {
    "id": "1df5d3d2-2f93-4234-960c-08ee7c1253ad",
    "data": [
      {
        "text": "start ",
        "userDefined": false
      },
      {
        "text": "meditation",
        "meta": "@meditation",
        "alias": "meditation",
        "userDefined": false
      }
    ],
    "isTemplate": false,
    "count": 0,
    "lang": "en",
    "updated": 0
  },
  {
    "id": "6481dd4b-91d2-4f00-8c30-3ef9a6ddf9b5",
    "data": [
      {
        "text": "i\u0027d like to ",
        "userDefined": false
      },
      {
        "text": "meditate",
        "meta": "@meditation",
        "alias": "meditation",
        "userDefined": false
      }
    ],
    "isTemplate": false,
    "count": 0,
    "lang": "en",
    "updated": 0
  }
]