[
  {
    "id": "582fce84-9135-4852-89a4-7eed74e272fc",
    "data": [
      {
        "text": "yes please",
        "userDefined": false
      }
    ],
    "isTemplate": false,
    "count": 0,
    "lang": "en",
    "updated": 0
  },
  {
    "id": "cab739c8-e2aa-4ab2-bd5a-5c7d2fc9bd5e",
    "data": [
      {
        "text": "more stories",
        "userDefined": false
      }
    ],
    "isTemplate": false,
    "count": 0,
    "lang": "en",
    "updated": 0
  },
  {
    "id": "5e57fcce-bb12-43cf-91c5-781d1536b279",
    "data": [
      {
        "text": "give me a story",
        "userDefined": false
      }
    ],
    "isTemplate": false,
    "count": 0,
    "lang": "en",
    "updated": 0
  },
  {
    "id": "07c376ec-a547-42c4-bf66-1150cdf7e635",
    "data": [
      {
        "text": "i want to hear a story",
        "userDefined": false
      }
    ],
    "isTemplate": false,
    "count": 0,
    "lang": "en",
    "updated": 0
  },
  {
    "id": "fcd84ab4-aec7-4459-926f-6b32c269b73e",
    "data": [
      {
        "text": "tell me a story",
        "userDefined": false
      }
    ],
    "isTemplate": false,
    "count": 0,
    "lang": "en",
    "updated": 0
  }
]