[
  {
    "id": "ea7ca693-8e52-4a77-b73f-e4e74696bb97",
    "data": [
      {
        "text": "i\u0027m grateful for you",
        "userDefined": false
      }
    ],
    "isTemplate": false,
    "count": 0,
    "lang": "en",
    "updated": 0
  },
  {
    "id": "0888680d-486e-4edd-853d-8c8b78e43929",
    "data": [
      {
        "text": "many thanks",
        "userDefined": false
      }
    ],
    "isTemplate": false,
    "count": 0,
    "lang": "en",
    "updated": 0
  },
  {
    "id": "97411d43-1acf-48a7-95d7-1071a34d6102",
    "data": [
      {
        "text": "much appreciated",
        "userDefined": false
      }
    ],
    "isTemplate": false,
    "count": 0,
    "lang": "en",
    "updated": 0
  },
  {
    "id": "bb1ec5ab-0b44-4817-bb3f-0ad03b145f86",
    "data": [
      {
        "text": "appreciate it",
        "userDefined": false
      }
    ],
    "isTemplate": false,
    "count": 0,
    "lang": "en",
    "updated": 0
  },
  {
    "id": "2e6a2b37-a943-4cad-8d9f-4fa5d8452ef0",
    "data": [
      {
        "text": "thank you",
        "userDefined": false
      }
    ],
    "isTemplate": false,
    "count": 0,
    "lang": "en",
    "updated": 0
  }
]